3001,Supplier A,contact0@example.com,Product Type 1,Terms 1
3002,Supplier B,contact1@example.com,Product Type 2,Terms 2
3003,Supplier C,contact2@example.com,Product Type 3,Terms 3
3004,Supplier D,contact3@example.com,Product Type 4,Terms 4
3005,Supplier E,contact4@example.com,Product Type 5,Terms 1
3006,Supplier F,contact5@example.com,Product Type 1,Terms 2
3007,Supplier G,contact6@example.com,Product Type 2,Terms 3
3008,Supplier H,contact7@example.com,Product Type 3,Terms 4
3009,Supplier I,contact8@example.com,Product Type 4,Terms 1
3010,Supplier J,contact9@example.com,Product Type 5,Terms 2
3011,Supplier K,contact10@example.com,Product Type 1,Terms 3
3012,Supplier L,contact11@example.com,Product Type 2,Terms 4
3013,Supplier M,contact12@example.com,Product Type 3,Terms 1
3014,Supplier N,contact13@example.com,Product Type 4,Terms 2
3015,Supplier O,contact14@example.com,Product Type 5,Terms 3
3016,Supplier P,contact15@example.com,Product Type 1,Terms 4
3017,Supplier Q,contact16@example.com,Product Type 2,Terms 1
3018,Supplier R,contact17@example.com,Product Type 3,Terms 2
3019,Supplier S,contact18@example.com,Product Type 4,Terms 3
3020,Supplier T,contact19@example.com,Product Type 5,Terms 4
3021,Supplier U,contact20@example.com,Product Type 1,Terms 1
3022,Supplier V,contact21@example.com,Product Type 2,Terms 2
3023,Supplier W,contact22@example.com,Product Type 3,Terms 3
3024,Supplier X,contact23@example.com,Product Type 4,Terms 4
3025,Supplier Y,contact24@example.com,Product Type 5,Terms 1
3026,Supplier Z,contact25@example.com,Product Type 1,Terms 2
3027,Supplier A,contact26@example.com,Product Type 2,Terms 3
3028,Supplier B,contact27@example.com,Product Type 3,Terms 4
3029,Supplier C,contact28@example.com,Product Type 4,Terms 1
3030,Supplier D,contact29@example.com,Product Type 5,Terms 2
3031,Supplier E,contact30@example.com,Product Type 1,Terms 3
3032,Supplier F,contact31@example.com,Product Type 2,Terms 4
3033,Supplier G,contact32@example.com,Product Type 3,Terms 1
3034,Supplier H,contact33@example.com,Product Type 4,Terms 2
3035,Supplier I,contact34@example.com,Product Type 5,Terms 3
3036,Supplier J,contact35@example.com,Product Type 1,Terms 4
3037,Supplier K,contact36@example.com,Product Type 2,Terms 1
3038,Supplier L,contact37@example.com,Product Type 3,Terms 2
3039,Supplier M,contact38@example.com,Product Type 4,Terms 3
3040,Supplier N,contact39@example.com,Product Type 5,Terms 4
3041,Supplier O,contact40@example.com,Product Type 1,Terms 1
3042,Supplier P,contact41@example.com,Product Type 2,Terms 2
3043,Supplier Q,contact42@example.com,Product Type 3,Terms 3
3044,Supplier R,contact43@example.com,Product Type 4,Terms 4
3045,Supplier S,contact44@example.com,Product Type 5,Terms 1
3046,Supplier T,contact45@example.com,Product Type 1,Terms 2
3047,Supplier U,contact46@example.com,Product Type 2,Terms 3
3048,Supplier V,contact47@example.com,Product Type 3,Terms 4
3049,Supplier W,contact48@example.com,Product Type 4,Terms 1
3050,Supplier X,contact49@example.com,Product Type 5,Terms 2
